Total Rows,Total Features,Completeness,Consitency,Validity,Uniqueness,Timeliness
674273,19,0.9990893896092532,0.9990804911363795,0.9990804911363795,1.0,1.0
